{
    "first category": {
        "all_acc": 0.9455081001472754,
        "set": {
            "acc": 0.9926362297496426,
            "recall": 1.0,
            "precision": 0.642857142882653
        },
        "dresses": {
            "acc": 0.9808541973490709,
            "recall": 0.9433962264156284,
            "precision": 0.9345794392529478
        },
        "overcoat": {
            "acc": 0.974963181148785,
            "recall": 0.8550724637702163,
            "precision": 0.8939393939410009
        },
        "jumpsuit": {
            "acc": 0.9926362297496426,
            "recall": 0.80000000004,
            "precision": 0.5000000000625
        },
        "bottoms": {
            "acc": 0.9867452135493567,
            "recall": 0.9666666666668056,
            "precision": 0.9957081545064562
        },
        "tops": {
            "acc": 0.9675994108984277,
            "recall": 0.952000000000192,
            "precision": 0.9596774193550013
        },
        "nan": {
            "acc": 0.9955817378497855,
            "recall": 1.0,
            "precision": 3.3333333322222223e-10
        }
    },
    "set": {
        "all_acc": 0.8888888888888888,
        "skirt set": {
            "acc": 0.8888888889012345,
            "recall": 1.0,
            "precision": 0.50000000025
        },
        "pants set": {
            "acc": 0.8888888889012345,
            "recall": 0.875000000015625,
            "precision": 1.0
        },
        "shorts set": {
            "acc": 1.0,
            "recall": 1.0,
            "precision": 1.0
        },
        "nan": {
            "acc": 1.0,
            "recall": 1.0,
            "precision": 1.0
        }
    },
    "dresses": {
        "all_acc": 0.27,
        "long dresses": {
            "acc": 0.6400000000036,
            "recall": 0.07692307694674558,
            "precision": 1.0
        },
        "maxi dresses": {
            "acc": 0.8700000000013,
            "recall": 0.5882352941418685,
            "precision": 0.6250000000234375
        },
        "short dresses": {
            "acc": 0.8200000000018,
            "recall": 0.3076923077189349,
            "precision": 1.0
        },
        "midi dresses": {
            "acc": 0.48000000000519993,
            "recall": 0.6666666667037037,
            "precision": 0.10909090910710745
        },
        "nan": {
            "acc": 0.8200000000018,
            "recall": 1.0,
            "precision": 5.555555555246914e-11
        }
    },
    "overcoat": {
        "all_acc": 0.576271186440678,
        "jacket": {
            "acc": 0.5762711864478598,
            "recall": 1.0,
            "precision": 0.5762711864478598
        },
        "outerwear": {
            "acc": 0.5762711864478598,
            "recall": 3.9999999998400004e-11,
            "precision": 1.0
        },
        "nan": {
            "acc": 1.0,
            "recall": 1.0,
            "precision": 1.0
        }
    },
    "jumpsuit": {
        "all_acc": 1.0,
        "jumpsuit": {
            "acc": 1.0,
            "recall": 1.0,
            "precision": 1.0
        },
        "nan": {
            "acc": 1.0,
            "recall": 1.0,
            "precision": 1.0
        }
    },
    "bottoms": {
        "all_acc": 0.9913793103448276,
        "skirt": {
            "acc": 0.9956896551724324,
            "recall": 0.9772727272732438,
            "precision": 1.0
        },
        "shorts": {
            "acc": 0.9956896551724324,
            "recall": 0.90000000001,
            "precision": 1.0
        },
        "pants": {
            "acc": 0.9913793103448647,
            "recall": 1.0,
            "precision": 0.9888888888889507
        },
        "nan": {
            "acc": 1.0,
            "recall": 1.0,
            "precision": 1.0
        }
    },
    "tops": {
        "all_acc": 0.7184873949579832,
        "brassiere": {
            "acc": 0.9915966386554975,
            "recall": 4.9999999975e-10,
            "precision": 1.0
        },
        "sweatshirt": {
            "acc": 0.9537815126052362,
            "recall": 0.647058823550173,
            "precision": 0.6875000000195313
        },
        "sweater": {
            "acc": 0.9075630252104724,
            "recall": 0.9425287356328444,
            "precision": 0.8282828282845628
        },
        "tube": {
            "acc": 0.9873949579832463,
            "recall": 3.3333333322222223e-10,
            "precision": 1.0
        },
        "camisole": {
            "acc": 0.9747899159664924,
            "recall": 0.14285714297959184,
            "precision": 1.0
        },
        "vest": {
            "acc": 0.9873949579832463,
            "recall": 0.7500000000208333,
            "precision": 1.0
        },
        "tank top": {
            "acc": 0.9789915966387437,
            "recall": 0.8235294117750865,
            "precision": 0.8750000000078125
        },
        "corset": {
            "acc": 1.0,
            "recall": 1.0,
            "precision": 1.0
        },
        "bodysuit": {
            "acc": 1.0,
            "recall": 1.0,
            "precision": 1.0
        },
        "tunic": {
            "acc": 0.9957983193277488,
            "recall": 9.99999999e-10,
            "precision": 1.0
        },
        "blouse": {
            "acc": 0.8655462184879599,
            "recall": 0.3333333333481482,
            "precision": 0.882352941183391
        },
        "t-shirt": {
            "acc": 0.7941176470596886,
            "recall": 0.8297872340461747,
            "precision": 0.4875000000064062
        },
        "nan": {
            "acc": 1.0,
            "recall": 1.0,
            "precision": 1.0
        }
    }
}