{
    "first category": 0.9120567375886525,

    "set": 0.875,

    "dresses": 0.17757009345794392,

    "overcoat": 0.525,

    "jumpsuit": 1.0,

    "bottoms": 0.9912280701754386,

    "tops": 0.6911196911196911
}