{
    "first category": 0.8860103626943006,
    "set": 0.8888888888888888,
    "dresses": 0.15315315315315314,
    "overcoat": 0.5111111111111111,
    "jumpsuit": 1.0,
    "bottoms": 0.9911504424778761,
    "tops": 0.6986301369863014
}